map,algorithm,heuristics_used,iteration,execution_time,expanded_nodes,frontier_nodes,success_or_failure,cost
smart,GREEDY_LOCAL,ManhattanDistance1,1,0.0023424625396728516,14,6,SUCCESS,11
smart,GREEDY_LOCAL,ManhattanDistance1,2,0.00023126602172851562,14,6,SUCCESS,11
smart,GREEDY_LOCAL,ManhattanDistance1,3,0.0003323554992675781,14,6,SUCCESS,11
smart,GREEDY_LOCAL,ManhattanDistance1,4,0.0003006458282470703,14,6,SUCCESS,11
smart,GREEDY_LOCAL,ManhattanDistance1,5,0.000308990478515625,14,6,SUCCESS,11
smart,GREEDY_LOCAL,ManhattanDistance1,6,0.00048470497131347656,14,6,SUCCESS,11
smart,GREEDY_LOCAL,ManhattanDistance1,7,0.0003821849822998047,14,6,SUCCESS,11
smart,GREEDY_LOCAL,ManhattanDistance1,8,0.0004813671112060547,14,6,SUCCESS,11
smart,GREEDY_LOCAL,ManhattanDistance1,9,0.00049591064453125,14,6,SUCCESS,11
smart,GREEDY_LOCAL,ManhattanDistance1,10,0.0004837512969970703,14,6,SUCCESS,11
smart,GREEDY_LOCAL,ManhattanDistance1,11,0.0004961490631103516,14,6,SUCCESS,11
smart,GREEDY_LOCAL,ManhattanDistance1,12,0.00024509429931640625,14,6,SUCCESS,11
smart,GREEDY_LOCAL,ManhattanDistance1,13,0.00018858909606933594,14,6,SUCCESS,11
smart,GREEDY_LOCAL,ManhattanDistance1,14,0.0002014636993408203,14,6,SUCCESS,11
smart,GREEDY_LOCAL,ManhattanDistance1,15,0.00024199485778808594,14,6,SUCCESS,11
smart,GREEDY_LOCAL,ManhattanDistance1,16,0.00022339820861816406,14,6,SUCCESS,11
smart,GREEDY_LOCAL,ManhattanDistance1,17,0.0002391338348388672,14,6,SUCCESS,11
smart,GREEDY_LOCAL,ManhattanDistance1,18,0.0004458427429199219,14,6,SUCCESS,11
smart,GREEDY_LOCAL,ManhattanDistance1,19,0.00046372413635253906,14,6,SUCCESS,11
smart,GREEDY_LOCAL,ManhattanDistance1,20,0.0004200935363769531,14,6,SUCCESS,11
smart,GREEDY_LOCAL,ManhattanDistance1,21,0.0003542900085449219,14,6,SUCCESS,11
smart,GREEDY_LOCAL,ManhattanDistance1,22,0.0002765655517578125,14,6,SUCCESS,11
smart,GREEDY_LOCAL,ManhattanDistance1,23,0.00019097328186035156,14,6,SUCCESS,11
smart,GREEDY_LOCAL,ManhattanDistance1,24,0.000186920166015625,14,6,SUCCESS,11
smart,GREEDY_LOCAL,ManhattanDistance1,25,0.00018596649169921875,14,6,SUCCESS,11
smart,GREEDY_LOCAL,ManhattanDistance1,26,0.0001850128173828125,14,6,SUCCESS,11
smart,GREEDY_LOCAL,ManhattanDistance1,27,0.00018668174743652344,14,6,SUCCESS,11
smart,GREEDY_LOCAL,ManhattanDistance1,28,0.0001857280731201172,14,6,SUCCESS,11
smart,GREEDY_LOCAL,ManhattanDistance1,29,0.00021600723266601562,14,6,SUCCESS,11
smart,GREEDY_LOCAL,ManhattanDistance1,30,0.00018644332885742188,14,6,SUCCESS,11
smart,GREEDY_LOCAL,ManhattanDistance1,31,0.0001990795135498047,14,6,SUCCESS,11
smart,GREEDY_LOCAL,ManhattanDistance1,32,0.0001857280731201172,14,6,SUCCESS,11
smart,GREEDY_LOCAL,ManhattanDistance1,33,0.00028395652770996094,14,6,SUCCESS,11
smart,GREEDY_LOCAL,ManhattanDistance1,34,0.0003600120544433594,14,6,SUCCESS,11
smart,GREEDY_LOCAL,ManhattanDistance1,35,0.00022530555725097656,14,6,SUCCESS,11
smart,GREEDY_LOCAL,ManhattanDistance1,36,0.00019669532775878906,14,6,SUCCESS,11
smart,GREEDY_LOCAL,ManhattanDistance1,37,0.0001926422119140625,14,6,SUCCESS,11
smart,GREEDY_LOCAL,ManhattanDistance1,38,0.0002617835998535156,14,6,SUCCESS,11
smart,GREEDY_LOCAL,ManhattanDistance1,39,0.0002334117889404297,14,6,SUCCESS,11
smart,GREEDY_LOCAL,ManhattanDistance1,40,0.0001919269561767578,14,6,SUCCESS,11
smart,GREEDY_LOCAL,ManhattanDistance1,41,0.00019359588623046875,14,6,SUCCESS,11
smart,GREEDY_LOCAL,ManhattanDistance1,42,0.00019359588623046875,14,6,SUCCESS,11
smart,GREEDY_LOCAL,ManhattanDistance1,43,0.0003025531768798828,14,6,SUCCESS,11
smart,GREEDY_LOCAL,ManhattanDistance1,44,0.0002598762512207031,14,6,SUCCESS,11
smart,GREEDY_LOCAL,ManhattanDistance1,45,0.00019168853759765625,14,6,SUCCESS,11
smart,GREEDY_LOCAL,ManhattanDistance1,46,0.00019311904907226562,14,6,SUCCESS,11
smart,GREEDY_LOCAL,ManhattanDistance1,47,0.0003001689910888672,14,6,SUCCESS,11
smart,GREEDY_LOCAL,ManhattanDistance1,48,0.0002601146697998047,14,6,SUCCESS,11
smart,GREEDY_LOCAL,ManhattanDistance1,49,0.0002627372741699219,14,6,SUCCESS,11
smart,GREEDY_LOCAL,ManhattanDistance1,50,0.0004799365997314453,14,6,SUCCESS,11
smart,GREEDY_LOCAL,ManhattanDistance1,51,0.00030303001403808594,14,6,SUCCESS,11
smart,GREEDY_LOCAL,ManhattanDistance1,52,0.00035309791564941406,14,6,SUCCESS,11
smart,GREEDY_LOCAL,ManhattanDistance1,53,0.0003924369812011719,14,6,SUCCESS,11
smart,GREEDY_LOCAL,ManhattanDistance1,54,0.00037980079650878906,14,6,SUCCESS,11
smart,GREEDY_LOCAL,ManhattanDistance1,55,0.0003352165222167969,14,6,SUCCESS,11
smart,GREEDY_LOCAL,ManhattanDistance1,56,0.00031256675720214844,14,6,SUCCESS,11
smart,GREEDY_LOCAL,ManhattanDistance1,57,0.0003345012664794922,14,6,SUCCESS,11
smart,GREEDY_LOCAL,ManhattanDistance1,58,0.00034999847412109375,14,6,SUCCESS,11
smart,GREEDY_LOCAL,ManhattanDistance1,59,0.0003006458282470703,14,6,SUCCESS,11
smart,GREEDY_LOCAL,ManhattanDistance1,60,0.00028777122497558594,14,6,SUCCESS,11
smart,GREEDY_LOCAL,ManhattanDistance1,61,0.00035762786865234375,14,6,SUCCESS,11
smart,GREEDY_LOCAL,ManhattanDistance1,62,0.000316619873046875,14,6,SUCCESS,11
smart,GREEDY_LOCAL,ManhattanDistance1,63,0.0003311634063720703,14,6,SUCCESS,11
smart,GREEDY_LOCAL,ManhattanDistance1,64,0.00042319297790527344,14,6,SUCCESS,11
smart,GREEDY_LOCAL,ManhattanDistance1,65,0.0004127025604248047,14,6,SUCCESS,11
smart,GREEDY_LOCAL,ManhattanDistance1,66,0.00034308433532714844,14,6,SUCCESS,11
smart,GREEDY_LOCAL,ManhattanDistance1,67,0.0003249645233154297,14,6,SUCCESS,11
smart,GREEDY_LOCAL,ManhattanDistance1,68,0.0003261566162109375,14,6,SUCCESS,11
smart,GREEDY_LOCAL,ManhattanDistance1,69,0.0003337860107421875,14,6,SUCCESS,11
smart,GREEDY_LOCAL,ManhattanDistance1,70,0.00033664703369140625,14,6,SUCCESS,11
smart,GREEDY_LOCAL,ManhattanDistance1,71,0.00033164024353027344,14,6,SUCCESS,11
smart,GREEDY_LOCAL,ManhattanDistance1,72,0.0003285408020019531,14,6,SUCCESS,11
smart,GREEDY_LOCAL,ManhattanDistance1,73,0.00033545494079589844,14,6,SUCCESS,11
smart,GREEDY_LOCAL,ManhattanDistance1,74,0.0003795623779296875,14,6,SUCCESS,11
smart,GREEDY_LOCAL,ManhattanDistance1,75,0.00032591819763183594,14,6,SUCCESS,11
smart,GREEDY_LOCAL,ManhattanDistance1,76,0.0002970695495605469,14,6,SUCCESS,11
smart,GREEDY_LOCAL,ManhattanDistance1,77,0.0002894401550292969,14,6,SUCCESS,11
smart,GREEDY_LOCAL,ManhattanDistance1,78,0.0003027915954589844,14,6,SUCCESS,11
smart,GREEDY_LOCAL,ManhattanDistance1,79,0.0003368854522705078,14,6,SUCCESS,11
smart,GREEDY_LOCAL,ManhattanDistance1,80,0.0003399848937988281,14,6,SUCCESS,11
smart,GREEDY_LOCAL,ManhattanDistance1,81,0.00034880638122558594,14,6,SUCCESS,11
smart,GREEDY_LOCAL,ManhattanDistance1,82,0.0003612041473388672,14,6,SUCCESS,11
smart,GREEDY_LOCAL,ManhattanDistance1,83,0.0003337860107421875,14,6,SUCCESS,11
smart,GREEDY_LOCAL,ManhattanDistance1,84,0.00035500526428222656,14,6,SUCCESS,11
smart,GREEDY_LOCAL,ManhattanDistance1,85,0.0003466606140136719,14,6,SUCCESS,11
smart,GREEDY_LOCAL,ManhattanDistance1,86,0.0003192424774169922,14,6,SUCCESS,11
smart,GREEDY_LOCAL,ManhattanDistance1,87,0.0004265308380126953,14,6,SUCCESS,11
smart,GREEDY_LOCAL,ManhattanDistance1,88,0.00036907196044921875,14,6,SUCCESS,11
smart,GREEDY_LOCAL,ManhattanDistance1,89,0.00037026405334472656,14,6,SUCCESS,11
smart,GREEDY_LOCAL,ManhattanDistance1,90,0.0003573894500732422,14,6,SUCCESS,11
smart,GREEDY_LOCAL,ManhattanDistance1,91,0.0003542900085449219,14,6,SUCCESS,11
smart,GREEDY_LOCAL,ManhattanDistance1,92,0.00036787986755371094,14,6,SUCCESS,11
smart,GREEDY_LOCAL,ManhattanDistance1,93,0.0003581047058105469,14,6,SUCCESS,11
smart,GREEDY_LOCAL,ManhattanDistance1,94,0.00035858154296875,14,6,SUCCESS,11
smart,GREEDY_LOCAL,ManhattanDistance1,95,0.00036644935607910156,14,6,SUCCESS,11
smart,GREEDY_LOCAL,ManhattanDistance1,96,0.00036716461181640625,14,6,SUCCESS,11
smart,GREEDY_LOCAL,ManhattanDistance1,97,0.0003695487976074219,14,6,SUCCESS,11
smart,GREEDY_LOCAL,ManhattanDistance1,98,0.0003554821014404297,14,6,SUCCESS,11
smart,GREEDY_LOCAL,ManhattanDistance1,99,0.00035500526428222656,14,6,SUCCESS,11
smart,GREEDY_LOCAL,ManhattanDistance1,100,0.00037407875061035156,14,6,SUCCESS,11
smart,GREEDY_LOCAL,ManhattanDistance2,1,0.0014870166778564453,48,18,SUCCESS,33
smart,GREEDY_LOCAL,ManhattanDistance2,2,0.0014801025390625,48,18,SUCCESS,33
smart,GREEDY_LOCAL,ManhattanDistance2,3,0.0014510154724121094,48,18,SUCCESS,33
smart,GREEDY_LOCAL,ManhattanDistance2,4,0.001439809799194336,48,18,SUCCESS,33
smart,GREEDY_LOCAL,ManhattanDistance2,5,0.0014760494232177734,48,18,SUCCESS,33
smart,GREEDY_LOCAL,ManhattanDistance2,6,0.0014691352844238281,48,18,SUCCESS,33
smart,GREEDY_LOCAL,ManhattanDistance2,7,0.0014526844024658203,48,18,SUCCESS,33
smart,GREEDY_LOCAL,ManhattanDistance2,8,0.0014612674713134766,48,18,SUCCESS,33
smart,GREEDY_LOCAL,ManhattanDistance2,9,0.001447916030883789,48,18,SUCCESS,33
smart,GREEDY_LOCAL,ManhattanDistance2,10,0.0013997554779052734,48,18,SUCCESS,33
smart,GREEDY_LOCAL,ManhattanDistance2,11,0.0014884471893310547,48,18,SUCCESS,33
smart,GREEDY_LOCAL,ManhattanDistance2,12,0.001430511474609375,48,18,SUCCESS,33
smart,GREEDY_LOCAL,ManhattanDistance2,13,0.001444101333618164,48,18,SUCCESS,33
smart,GREEDY_LOCAL,ManhattanDistance2,14,0.0014600753784179688,48,18,SUCCESS,33
smart,GREEDY_LOCAL,ManhattanDistance2,15,0.0013723373413085938,48,18,SUCCESS,33
smart,GREEDY_LOCAL,ManhattanDistance2,16,0.001399993896484375,48,18,SUCCESS,33
smart,GREEDY_LOCAL,ManhattanDistance2,17,0.0014367103576660156,48,18,SUCCESS,33
smart,GREEDY_LOCAL,ManhattanDistance2,18,0.0014138221740722656,48,18,SUCCESS,33
smart,GREEDY_LOCAL,ManhattanDistance2,19,0.001445770263671875,48,18,SUCCESS,33
smart,GREEDY_LOCAL,ManhattanDistance2,20,0.0015730857849121094,48,18,SUCCESS,33
smart,GREEDY_LOCAL,ManhattanDistance2,21,0.0019388198852539062,48,18,SUCCESS,33
smart,GREEDY_LOCAL,ManhattanDistance2,22,0.0014240741729736328,48,18,SUCCESS,33
smart,GREEDY_LOCAL,ManhattanDistance2,23,0.001428365707397461,48,18,SUCCESS,33
smart,GREEDY_LOCAL,ManhattanDistance2,24,0.001478433609008789,48,18,SUCCESS,33
smart,GREEDY_LOCAL,ManhattanDistance2,25,0.001477956771850586,48,18,SUCCESS,33
smart,GREEDY_LOCAL,ManhattanDistance2,26,0.001425027847290039,48,18,SUCCESS,33
smart,GREEDY_LOCAL,ManhattanDistance2,27,0.0014300346374511719,48,18,SUCCESS,33
smart,GREEDY_LOCAL,ManhattanDistance2,28,0.0014460086822509766,48,18,SUCCESS,33
smart,GREEDY_LOCAL,ManhattanDistance2,29,0.0013904571533203125,48,18,SUCCESS,33
smart,GREEDY_LOCAL,ManhattanDistance2,30,0.0014622211456298828,48,18,SUCCESS,33
smart,GREEDY_LOCAL,ManhattanDistance2,31,0.001367807388305664,48,18,SUCCESS,33
smart,GREEDY_LOCAL,ManhattanDistance2,32,0.0014011859893798828,48,18,SUCCESS,33
smart,GREEDY_LOCAL,ManhattanDistance2,33,0.0014438629150390625,48,18,SUCCESS,33
smart,GREEDY_LOCAL,ManhattanDistance2,34,0.001489400863647461,48,18,SUCCESS,33
smart,GREEDY_LOCAL,ManhattanDistance2,35,0.0015087127685546875,48,18,SUCCESS,33
smart,GREEDY_LOCAL,ManhattanDistance2,36,0.0018279552459716797,48,18,SUCCESS,33
smart,GREEDY_LOCAL,ManhattanDistance2,37,0.0015704631805419922,48,18,SUCCESS,33
smart,GREEDY_LOCAL,ManhattanDistance2,38,0.0014920234680175781,48,18,SUCCESS,33
smart,GREEDY_LOCAL,ManhattanDistance2,39,0.0015251636505126953,48,18,SUCCESS,33
smart,GREEDY_LOCAL,ManhattanDistance2,40,0.0015172958374023438,48,18,SUCCESS,33
smart,GREEDY_LOCAL,ManhattanDistance2,41,0.001474618911743164,48,18,SUCCESS,33
smart,GREEDY_LOCAL,ManhattanDistance2,42,0.0015625953674316406,48,18,SUCCESS,33
smart,GREEDY_LOCAL,ManhattanDistance2,43,0.0016109943389892578,48,18,SUCCESS,33
smart,GREEDY_LOCAL,ManhattanDistance2,44,0.0015835762023925781,48,18,SUCCESS,33
smart,GREEDY_LOCAL,ManhattanDistance2,45,0.0015606880187988281,48,18,SUCCESS,33
smart,GREEDY_LOCAL,ManhattanDistance2,46,0.0016064643859863281,48,18,SUCCESS,33
smart,GREEDY_LOCAL,ManhattanDistance2,47,0.0016541481018066406,48,18,SUCCESS,33
smart,GREEDY_LOCAL,ManhattanDistance2,48,0.0015971660614013672,48,18,SUCCESS,33
smart,GREEDY_LOCAL,ManhattanDistance2,49,0.0015926361083984375,48,18,SUCCESS,33
smart,GREEDY_LOCAL,ManhattanDistance2,50,0.0015919208526611328,48,18,SUCCESS,33
smart,GREEDY_LOCAL,ManhattanDistance2,51,0.0015223026275634766,48,18,SUCCESS,33
smart,GREEDY_LOCAL,ManhattanDistance2,52,0.0014460086822509766,48,18,SUCCESS,33
smart,GREEDY_LOCAL,ManhattanDistance2,53,0.0015327930450439453,48,18,SUCCESS,33
smart,GREEDY_LOCAL,ManhattanDistance2,54,0.0014030933380126953,48,18,SUCCESS,33
smart,GREEDY_LOCAL,ManhattanDistance2,55,0.0014700889587402344,48,18,SUCCESS,33
smart,GREEDY_LOCAL,ManhattanDistance2,56,0.001461029052734375,48,18,SUCCESS,33
smart,GREEDY_LOCAL,ManhattanDistance2,57,0.0015578269958496094,48,18,SUCCESS,33
smart,GREEDY_LOCAL,ManhattanDistance2,58,0.0014221668243408203,48,18,SUCCESS,33
smart,GREEDY_LOCAL,ManhattanDistance2,59,0.0015532970428466797,48,18,SUCCESS,33
smart,GREEDY_LOCAL,ManhattanDistance2,60,0.0013275146484375,48,18,SUCCESS,33
smart,GREEDY_LOCAL,ManhattanDistance2,61,0.000997304916381836,48,18,SUCCESS,33
smart,GREEDY_LOCAL,ManhattanDistance2,62,0.0012097358703613281,48,18,SUCCESS,33
smart,GREEDY_LOCAL,ManhattanDistance2,63,0.0009629726409912109,48,18,SUCCESS,33
smart,GREEDY_LOCAL,ManhattanDistance2,64,0.0009162425994873047,48,18,SUCCESS,33
smart,GREEDY_LOCAL,ManhattanDistance2,65,0.0010695457458496094,48,18,SUCCESS,33
smart,GREEDY_LOCAL,ManhattanDistance2,66,0.0010094642639160156,48,18,SUCCESS,33
smart,GREEDY_LOCAL,ManhattanDistance2,67,0.0009572505950927734,48,18,SUCCESS,33
smart,GREEDY_LOCAL,ManhattanDistance2,68,0.0015902519226074219,48,18,SUCCESS,33
smart,GREEDY_LOCAL,ManhattanDistance2,69,0.001081228256225586,48,18,SUCCESS,33
smart,GREEDY_LOCAL,ManhattanDistance2,70,0.0015902519226074219,48,18,SUCCESS,33
smart,GREEDY_LOCAL,ManhattanDistance2,71,0.0027332305908203125,48,18,SUCCESS,33
smart,GREEDY_LOCAL,ManhattanDistance2,72,0.0030891895294189453,48,18,SUCCESS,33
smart,GREEDY_LOCAL,ManhattanDistance2,73,0.002709627151489258,48,18,SUCCESS,33
smart,GREEDY_LOCAL,ManhattanDistance2,74,0.0016083717346191406,48,18,SUCCESS,33
smart,GREEDY_LOCAL,ManhattanDistance2,75,0.001977205276489258,48,18,SUCCESS,33
smart,GREEDY_LOCAL,ManhattanDistance2,76,0.0016930103302001953,48,18,SUCCESS,33
smart,GREEDY_LOCAL,ManhattanDistance2,77,0.00445103645324707,48,18,SUCCESS,33
smart,GREEDY_LOCAL,ManhattanDistance2,78,0.0015821456909179688,48,18,SUCCESS,33
smart,GREEDY_LOCAL,ManhattanDistance2,79,0.0013723373413085938,48,18,SUCCESS,33
smart,GREEDY_LOCAL,ManhattanDistance2,80,0.0017483234405517578,48,18,SUCCESS,33
smart,GREEDY_LOCAL,ManhattanDistance2,81,0.0014026165008544922,48,18,SUCCESS,33
smart,GREEDY_LOCAL,ManhattanDistance2,82,0.001394510269165039,48,18,SUCCESS,33
smart,GREEDY_LOCAL,ManhattanDistance2,83,0.0015838146209716797,48,18,SUCCESS,33
smart,GREEDY_LOCAL,ManhattanDistance2,84,0.0014979839324951172,48,18,SUCCESS,33
smart,GREEDY_LOCAL,ManhattanDistance2,85,0.001421213150024414,48,18,SUCCESS,33
smart,GREEDY_LOCAL,ManhattanDistance2,86,0.0018291473388671875,48,18,SUCCESS,33
smart,GREEDY_LOCAL,ManhattanDistance2,87,0.0009100437164306641,48,18,SUCCESS,33
smart,GREEDY_LOCAL,ManhattanDistance2,88,0.0008151531219482422,48,18,SUCCESS,33
smart,GREEDY_LOCAL,ManhattanDistance2,89,0.0007960796356201172,48,18,SUCCESS,33
smart,GREEDY_LOCAL,ManhattanDistance2,90,0.0011875629425048828,48,18,SUCCESS,33
smart,GREEDY_LOCAL,ManhattanDistance2,91,0.0009181499481201172,48,18,SUCCESS,33
smart,GREEDY_LOCAL,ManhattanDistance2,92,0.0007991790771484375,48,18,SUCCESS,33
smart,GREEDY_LOCAL,ManhattanDistance2,93,0.0008034706115722656,48,18,SUCCESS,33
smart,GREEDY_LOCAL,ManhattanDistance2,94,0.0008096694946289062,48,18,SUCCESS,33
smart,GREEDY_LOCAL,ManhattanDistance2,95,0.0008218288421630859,48,18,SUCCESS,33
smart,GREEDY_LOCAL,ManhattanDistance2,96,0.0014541149139404297,48,18,SUCCESS,33
smart,GREEDY_LOCAL,ManhattanDistance2,97,0.0018627643585205078,48,18,SUCCESS,33
smart,GREEDY_LOCAL,ManhattanDistance2,98,0.0014345645904541016,48,18,SUCCESS,33
smart,GREEDY_LOCAL,ManhattanDistance2,99,0.001377105712890625,48,18,SUCCESS,33
smart,GREEDY_LOCAL,ManhattanDistance2,100,0.0014026165008544922,48,18,SUCCESS,33
smart,GREEDY_LOCAL,ManhattanDistance3,1,0.0011627674102783203,48,18,SUCCESS,33
smart,GREEDY_LOCAL,ManhattanDistance3,2,0.0011658668518066406,48,18,SUCCESS,33
smart,GREEDY_LOCAL,ManhattanDistance3,3,0.0011181831359863281,48,18,SUCCESS,33
smart,GREEDY_LOCAL,ManhattanDistance3,4,0.0011394023895263672,48,18,SUCCESS,33
smart,GREEDY_LOCAL,ManhattanDistance3,5,0.0008311271667480469,48,18,SUCCESS,33
smart,GREEDY_LOCAL,ManhattanDistance3,6,0.0008311271667480469,48,18,SUCCESS,33
smart,GREEDY_LOCAL,ManhattanDistance3,7,0.0008692741394042969,48,18,SUCCESS,33
smart,GREEDY_LOCAL,ManhattanDistance3,8,0.0011212825775146484,48,18,SUCCESS,33
smart,GREEDY_LOCAL,ManhattanDistance3,9,0.0009527206420898438,48,18,SUCCESS,33
smart,GREEDY_LOCAL,ManhattanDistance3,10,0.0011243820190429688,48,18,SUCCESS,33
smart,GREEDY_LOCAL,ManhattanDistance3,11,0.000827789306640625,48,18,SUCCESS,33
smart,GREEDY_LOCAL,ManhattanDistance3,12,0.0011692047119140625,48,18,SUCCESS,33
smart,GREEDY_LOCAL,ManhattanDistance3,13,0.0017235279083251953,48,18,SUCCESS,33
smart,GREEDY_LOCAL,ManhattanDistance3,14,0.0021719932556152344,48,18,SUCCESS,33
smart,GREEDY_LOCAL,ManhattanDistance3,15,0.0027120113372802734,48,18,SUCCESS,33
smart,GREEDY_LOCAL,ManhattanDistance3,16,0.0025320053100585938,48,18,SUCCESS,33
smart,GREEDY_LOCAL,ManhattanDistance3,17,0.002591371536254883,48,18,SUCCESS,33
smart,GREEDY_LOCAL,ManhattanDistance3,18,0.0025267601013183594,48,18,SUCCESS,33
smart,GREEDY_LOCAL,ManhattanDistance3,19,0.002259492874145508,48,18,SUCCESS,33
smart,GREEDY_LOCAL,ManhattanDistance3,20,0.002320528030395508,48,18,SUCCESS,33
smart,GREEDY_LOCAL,ManhattanDistance3,21,0.0017881393432617188,48,18,SUCCESS,33
smart,GREEDY_LOCAL,ManhattanDistance3,22,0.0014538764953613281,48,18,SUCCESS,33
smart,GREEDY_LOCAL,ManhattanDistance3,23,0.0017905235290527344,48,18,SUCCESS,33
smart,GREEDY_LOCAL,ManhattanDistance3,24,0.001646280288696289,48,18,SUCCESS,33
smart,GREEDY_LOCAL,ManhattanDistance3,25,0.0016169548034667969,48,18,SUCCESS,33
smart,GREEDY_LOCAL,ManhattanDistance3,26,0.001752614974975586,48,18,SUCCESS,33
smart,GREEDY_LOCAL,ManhattanDistance3,27,0.0015532970428466797,48,18,SUCCESS,33
smart,GREEDY_LOCAL,ManhattanDistance3,28,0.0014123916625976562,48,18,SUCCESS,33
smart,GREEDY_LOCAL,ManhattanDistance3,29,0.0017733573913574219,48,18,SUCCESS,33
smart,GREEDY_LOCAL,ManhattanDistance3,30,0.0012118816375732422,48,18,SUCCESS,33
smart,GREEDY_LOCAL,ManhattanDistance3,31,0.0013496875762939453,48,18,SUCCESS,33
smart,GREEDY_LOCAL,ManhattanDistance3,32,0.0017058849334716797,48,18,SUCCESS,33
smart,GREEDY_LOCAL,ManhattanDistance3,33,0.0016794204711914062,48,18,SUCCESS,33
smart,GREEDY_LOCAL,ManhattanDistance3,34,0.0016145706176757812,48,18,SUCCESS,33
smart,GREEDY_LOCAL,ManhattanDistance3,35,0.0016181468963623047,48,18,SUCCESS,33
smart,GREEDY_LOCAL,ManhattanDistance3,36,0.001844644546508789,48,18,SUCCESS,33
smart,GREEDY_LOCAL,ManhattanDistance3,37,0.0009818077087402344,48,18,SUCCESS,33
smart,GREEDY_LOCAL,ManhattanDistance3,38,0.0014281272888183594,48,18,SUCCESS,33
smart,GREEDY_LOCAL,ManhattanDistance3,39,0.0018606185913085938,48,18,SUCCESS,33
smart,GREEDY_LOCAL,ManhattanDistance3,40,0.0012981891632080078,48,18,SUCCESS,33
smart,GREEDY_LOCAL,ManhattanDistance3,41,0.0015568733215332031,48,18,SUCCESS,33
smart,GREEDY_LOCAL,ManhattanDistance3,42,0.001474618911743164,48,18,SUCCESS,33
smart,GREEDY_LOCAL,ManhattanDistance3,43,0.0013244152069091797,48,18,SUCCESS,33
smart,GREEDY_LOCAL,ManhattanDistance3,44,0.0008456707000732422,48,18,SUCCESS,33
smart,GREEDY_LOCAL,ManhattanDistance3,45,0.0008358955383300781,48,18,SUCCESS,33
smart,GREEDY_LOCAL,ManhattanDistance3,46,0.0008358955383300781,48,18,SUCCESS,33
smart,GREEDY_LOCAL,ManhattanDistance3,47,0.0008919239044189453,48,18,SUCCESS,33
smart,GREEDY_LOCAL,ManhattanDistance3,48,0.0011692047119140625,48,18,SUCCESS,33
smart,GREEDY_LOCAL,ManhattanDistance3,49,0.0010709762573242188,48,18,SUCCESS,33
smart,GREEDY_LOCAL,ManhattanDistance3,50,0.0008304119110107422,48,18,SUCCESS,33
smart,GREEDY_LOCAL,ManhattanDistance3,51,0.0009102821350097656,48,18,SUCCESS,33
smart,GREEDY_LOCAL,ManhattanDistance3,52,0.00083160400390625,48,18,SUCCESS,33
smart,GREEDY_LOCAL,ManhattanDistance3,53,0.0010516643524169922,48,18,SUCCESS,33
smart,GREEDY_LOCAL,ManhattanDistance3,54,0.0014560222625732422,48,18,SUCCESS,33
smart,GREEDY_LOCAL,ManhattanDistance3,55,0.0009181499481201172,48,18,SUCCESS,33
smart,GREEDY_LOCAL,ManhattanDistance3,56,0.0008335113525390625,48,18,SUCCESS,33
smart,GREEDY_LOCAL,ManhattanDistance3,57,0.0016720294952392578,48,18,SUCCESS,33
smart,GREEDY_LOCAL,ManhattanDistance3,58,0.0016849040985107422,48,18,SUCCESS,33
smart,GREEDY_LOCAL,ManhattanDistance3,59,0.001501321792602539,48,18,SUCCESS,33
smart,GREEDY_LOCAL,ManhattanDistance3,60,0.0014803409576416016,48,18,SUCCESS,33
smart,GREEDY_LOCAL,ManhattanDistance3,61,0.0019009113311767578,48,18,SUCCESS,33
smart,GREEDY_LOCAL,ManhattanDistance3,62,0.0017735958099365234,48,18,SUCCESS,33
smart,GREEDY_LOCAL,ManhattanDistance3,63,0.0014421939849853516,48,18,SUCCESS,33
smart,GREEDY_LOCAL,ManhattanDistance3,64,0.0014657974243164062,48,18,SUCCESS,33
smart,GREEDY_LOCAL,ManhattanDistance3,65,0.0015370845794677734,48,18,SUCCESS,33
smart,GREEDY_LOCAL,ManhattanDistance3,66,0.0015308856964111328,48,18,SUCCESS,33
smart,GREEDY_LOCAL,ManhattanDistance3,67,0.001455545425415039,48,18,SUCCESS,33
smart,GREEDY_LOCAL,ManhattanDistance3,68,0.0016486644744873047,48,18,SUCCESS,33
smart,GREEDY_LOCAL,ManhattanDistance3,69,0.001710653305053711,48,18,SUCCESS,33
smart,GREEDY_LOCAL,ManhattanDistance3,70,0.0016913414001464844,48,18,SUCCESS,33
smart,GREEDY_LOCAL,ManhattanDistance3,71,0.0017046928405761719,48,18,SUCCESS,33
smart,GREEDY_LOCAL,ManhattanDistance3,72,0.0021772384643554688,48,18,SUCCESS,33
smart,GREEDY_LOCAL,ManhattanDistance3,73,0.000858306884765625,48,18,SUCCESS,33
smart,GREEDY_LOCAL,ManhattanDistance3,74,0.0014743804931640625,48,18,SUCCESS,33
smart,GREEDY_LOCAL,ManhattanDistance3,75,0.0012247562408447266,48,18,SUCCESS,33
smart,GREEDY_LOCAL,ManhattanDistance3,76,0.0017633438110351562,48,18,SUCCESS,33
smart,GREEDY_LOCAL,ManhattanDistance3,77,0.001956939697265625,48,18,SUCCESS,33
smart,GREEDY_LOCAL,ManhattanDistance3,78,0.001573801040649414,48,18,SUCCESS,33
smart,GREEDY_LOCAL,ManhattanDistance3,79,0.0014901161193847656,48,18,SUCCESS,33
smart,GREEDY_LOCAL,ManhattanDistance3,80,0.0009741783142089844,48,18,SUCCESS,33
smart,GREEDY_LOCAL,ManhattanDistance3,81,0.0015170574188232422,48,18,SUCCESS,33
smart,GREEDY_LOCAL,ManhattanDistance3,82,0.0009713172912597656,48,18,SUCCESS,33
smart,GREEDY_LOCAL,ManhattanDistance3,83,0.0010330677032470703,48,18,SUCCESS,33
smart,GREEDY_LOCAL,ManhattanDistance3,84,0.0012292861938476562,48,18,SUCCESS,33
smart,GREEDY_LOCAL,ManhattanDistance3,85,0.0015497207641601562,48,18,SUCCESS,33
smart,GREEDY_LOCAL,ManhattanDistance3,86,0.0010988712310791016,48,18,SUCCESS,33
smart,GREEDY_LOCAL,ManhattanDistance3,87,0.0013573169708251953,48,18,SUCCESS,33
smart,GREEDY_LOCAL,ManhattanDistance3,88,0.0010225772857666016,48,18,SUCCESS,33
smart,GREEDY_LOCAL,ManhattanDistance3,89,0.0009310245513916016,48,18,SUCCESS,33
smart,GREEDY_LOCAL,ManhattanDistance3,90,0.0015482902526855469,48,18,SUCCESS,33
smart,GREEDY_LOCAL,ManhattanDistance3,91,0.001590728759765625,48,18,SUCCESS,33
smart,GREEDY_LOCAL,ManhattanDistance3,92,0.0013358592987060547,48,18,SUCCESS,33
smart,GREEDY_LOCAL,ManhattanDistance3,93,0.0015735626220703125,48,18,SUCCESS,33
smart,GREEDY_LOCAL,ManhattanDistance3,94,0.0015485286712646484,48,18,SUCCESS,33
smart,GREEDY_LOCAL,ManhattanDistance3,95,0.0009756088256835938,48,18,SUCCESS,33
smart,GREEDY_LOCAL,ManhattanDistance3,96,0.001917123794555664,48,18,SUCCESS,33
smart,GREEDY_LOCAL,ManhattanDistance3,97,0.0015566349029541016,48,18,SUCCESS,33
smart,GREEDY_LOCAL,ManhattanDistance3,98,0.0009474754333496094,48,18,SUCCESS,33
smart,GREEDY_LOCAL,ManhattanDistance3,99,0.0009329319000244141,48,18,SUCCESS,33
smart,GREEDY_LOCAL,ManhattanDistance3,100,0.002061128616333008,48,18,SUCCESS,33
smart,GREEDY_LOCAL,Smarthattan,1,0.0005464553833007812,15,5,SUCCESS,11
smart,GREEDY_LOCAL,Smarthattan,2,0.0004668235778808594,15,5,SUCCESS,11
smart,GREEDY_LOCAL,Smarthattan,3,0.0004706382751464844,15,5,SUCCESS,11
smart,GREEDY_LOCAL,Smarthattan,4,0.0005779266357421875,15,5,SUCCESS,11
smart,GREEDY_LOCAL,Smarthattan,5,0.00037407875061035156,15,5,SUCCESS,11
smart,GREEDY_LOCAL,Smarthattan,6,0.00038814544677734375,15,5,SUCCESS,11
smart,GREEDY_LOCAL,Smarthattan,7,0.0004813671112060547,15,5,SUCCESS,11
smart,GREEDY_LOCAL,Smarthattan,8,0.00033354759216308594,15,5,SUCCESS,11
smart,GREEDY_LOCAL,Smarthattan,9,0.0002875328063964844,15,5,SUCCESS,11
smart,GREEDY_LOCAL,Smarthattan,10,0.0005536079406738281,15,5,SUCCESS,11
smart,GREEDY_LOCAL,Smarthattan,11,0.0005478858947753906,15,5,SUCCESS,11
smart,GREEDY_LOCAL,Smarthattan,12,0.00043773651123046875,15,5,SUCCESS,11
smart,GREEDY_LOCAL,Smarthattan,13,0.0006504058837890625,15,5,SUCCESS,11
smart,GREEDY_LOCAL,Smarthattan,14,0.0003249645233154297,15,5,SUCCESS,11
smart,GREEDY_LOCAL,Smarthattan,15,0.00047206878662109375,15,5,SUCCESS,11
smart,GREEDY_LOCAL,Smarthattan,16,0.0002932548522949219,15,5,SUCCESS,11
smart,GREEDY_LOCAL,Smarthattan,17,0.0002887248992919922,15,5,SUCCESS,11
smart,GREEDY_LOCAL,Smarthattan,18,0.0004966259002685547,15,5,SUCCESS,11
smart,GREEDY_LOCAL,Smarthattan,19,0.0002884864807128906,15,5,SUCCESS,11
smart,GREEDY_LOCAL,Smarthattan,20,0.0002913475036621094,15,5,SUCCESS,11
smart,GREEDY_LOCAL,Smarthattan,21,0.0003445148468017578,15,5,SUCCESS,11
smart,GREEDY_LOCAL,Smarthattan,22,0.000286102294921875,15,5,SUCCESS,11
smart,GREEDY_LOCAL,Smarthattan,23,0.0005888938903808594,15,5,SUCCESS,11
smart,GREEDY_LOCAL,Smarthattan,24,0.00041484832763671875,15,5,SUCCESS,11
smart,GREEDY_LOCAL,Smarthattan,25,0.0004661083221435547,15,5,SUCCESS,11
smart,GREEDY_LOCAL,Smarthattan,26,0.000385284423828125,15,5,SUCCESS,11
smart,GREEDY_LOCAL,Smarthattan,27,0.0003662109375,15,5,SUCCESS,11
smart,GREEDY_LOCAL,Smarthattan,28,0.0003783702850341797,15,5,SUCCESS,11
smart,GREEDY_LOCAL,Smarthattan,29,0.00036406517028808594,15,5,SUCCESS,11
smart,GREEDY_LOCAL,Smarthattan,30,0.00037860870361328125,15,5,SUCCESS,11
smart,GREEDY_LOCAL,Smarthattan,31,0.000415802001953125,15,5,SUCCESS,11
smart,GREEDY_LOCAL,Smarthattan,32,0.0005216598510742188,15,5,SUCCESS,11
smart,GREEDY_LOCAL,Smarthattan,33,0.00043964385986328125,15,5,SUCCESS,11
smart,GREEDY_LOCAL,Smarthattan,34,0.0005841255187988281,15,5,SUCCESS,11
smart,GREEDY_LOCAL,Smarthattan,35,0.0005238056182861328,15,5,SUCCESS,11
smart,GREEDY_LOCAL,Smarthattan,36,0.0006499290466308594,15,5,SUCCESS,11
smart,GREEDY_LOCAL,Smarthattan,37,0.0005359649658203125,15,5,SUCCESS,11
smart,GREEDY_LOCAL,Smarthattan,38,0.0005323886871337891,15,5,SUCCESS,11
smart,GREEDY_LOCAL,Smarthattan,39,0.0005214214324951172,15,5,SUCCESS,11
smart,GREEDY_LOCAL,Smarthattan,40,0.0005211830139160156,15,5,SUCCESS,11
smart,GREEDY_LOCAL,Smarthattan,41,0.0005578994750976562,15,5,SUCCESS,11
smart,GREEDY_LOCAL,Smarthattan,42,0.0006420612335205078,15,5,SUCCESS,11
smart,GREEDY_LOCAL,Smarthattan,43,0.0005595684051513672,15,5,SUCCESS,11
smart,GREEDY_LOCAL,Smarthattan,44,0.0005431175231933594,15,5,SUCCESS,11
smart,GREEDY_LOCAL,Smarthattan,45,0.0005323886871337891,15,5,SUCCESS,11
smart,GREEDY_LOCAL,Smarthattan,46,0.0005366802215576172,15,5,SUCCESS,11
smart,GREEDY_LOCAL,Smarthattan,47,0.0005953311920166016,15,5,SUCCESS,11
smart,GREEDY_LOCAL,Smarthattan,48,0.0006442070007324219,15,5,SUCCESS,11
smart,GREEDY_LOCAL,Smarthattan,49,0.0005769729614257812,15,5,SUCCESS,11
smart,GREEDY_LOCAL,Smarthattan,50,0.0006070137023925781,15,5,SUCCESS,11
smart,GREEDY_LOCAL,Smarthattan,51,0.0006124973297119141,15,5,SUCCESS,11
smart,GREEDY_LOCAL,Smarthattan,52,0.0006356239318847656,15,5,SUCCESS,11
smart,GREEDY_LOCAL,Smarthattan,53,0.0006754398345947266,15,5,SUCCESS,11
smart,GREEDY_LOCAL,Smarthattan,54,0.0005826950073242188,15,5,SUCCESS,11
smart,GREEDY_LOCAL,Smarthattan,55,0.0006058216094970703,15,5,SUCCESS,11
smart,GREEDY_LOCAL,Smarthattan,56,0.0005812644958496094,15,5,SUCCESS,11
smart,GREEDY_LOCAL,Smarthattan,57,0.0005342960357666016,15,5,SUCCESS,11
smart,GREEDY_LOCAL,Smarthattan,58,0.0005502700805664062,15,5,SUCCESS,11
smart,GREEDY_LOCAL,Smarthattan,59,0.0005934238433837891,15,5,SUCCESS,11
smart,GREEDY_LOCAL,Smarthattan,60,0.0005915164947509766,15,5,SUCCESS,11
smart,GREEDY_LOCAL,Smarthattan,61,0.0006325244903564453,15,5,SUCCESS,11
smart,GREEDY_LOCAL,Smarthattan,62,0.0006396770477294922,15,5,SUCCESS,11
smart,GREEDY_LOCAL,Smarthattan,63,0.0005960464477539062,15,5,SUCCESS,11
smart,GREEDY_LOCAL,Smarthattan,64,0.0006108283996582031,15,5,SUCCESS,11
smart,GREEDY_LOCAL,Smarthattan,65,0.0006463527679443359,15,5,SUCCESS,11
smart,GREEDY_LOCAL,Smarthattan,66,0.0006062984466552734,15,5,SUCCESS,11
smart,GREEDY_LOCAL,Smarthattan,67,0.00060272216796875,15,5,SUCCESS,11
smart,GREEDY_LOCAL,Smarthattan,68,0.0007555484771728516,15,5,SUCCESS,11
smart,GREEDY_LOCAL,Smarthattan,69,0.0008933544158935547,15,5,SUCCESS,11
smart,GREEDY_LOCAL,Smarthattan,70,0.0008921623229980469,15,5,SUCCESS,11
smart,GREEDY_LOCAL,Smarthattan,71,0.000820159912109375,15,5,SUCCESS,11
smart,GREEDY_LOCAL,Smarthattan,72,0.0007863044738769531,15,5,SUCCESS,11
smart,GREEDY_LOCAL,Smarthattan,73,0.000797271728515625,15,5,SUCCESS,11
smart,GREEDY_LOCAL,Smarthattan,74,0.0007915496826171875,15,5,SUCCESS,11
smart,GREEDY_LOCAL,Smarthattan,75,0.0007619857788085938,15,5,SUCCESS,11
smart,GREEDY_LOCAL,Smarthattan,76,0.0007195472717285156,15,5,SUCCESS,11
smart,GREEDY_LOCAL,Smarthattan,77,0.0007557868957519531,15,5,SUCCESS,11
smart,GREEDY_LOCAL,Smarthattan,78,0.0007905960083007812,15,5,SUCCESS,11
smart,GREEDY_LOCAL,Smarthattan,79,0.0008492469787597656,15,5,SUCCESS,11
smart,GREEDY_LOCAL,Smarthattan,80,0.0008280277252197266,15,5,SUCCESS,11
smart,GREEDY_LOCAL,Smarthattan,81,0.0007977485656738281,15,5,SUCCESS,11
smart,GREEDY_LOCAL,Smarthattan,82,0.0004930496215820312,15,5,SUCCESS,11
smart,GREEDY_LOCAL,Smarthattan,83,0.0003845691680908203,15,5,SUCCESS,11
smart,GREEDY_LOCAL,Smarthattan,84,0.0005962848663330078,15,5,SUCCESS,11
smart,GREEDY_LOCAL,Smarthattan,85,0.0003516674041748047,15,5,SUCCESS,11
smart,GREEDY_LOCAL,Smarthattan,86,0.0005276203155517578,15,5,SUCCESS,11
smart,GREEDY_LOCAL,Smarthattan,87,0.0006897449493408203,15,5,SUCCESS,11
smart,GREEDY_LOCAL,Smarthattan,88,0.0006010532379150391,15,5,SUCCESS,11
smart,GREEDY_LOCAL,Smarthattan,89,0.0005755424499511719,15,5,SUCCESS,11
smart,GREEDY_LOCAL,Smarthattan,90,0.0007524490356445312,15,5,SUCCESS,11
smart,GREEDY_LOCAL,Smarthattan,91,0.0003876686096191406,15,5,SUCCESS,11
smart,GREEDY_LOCAL,Smarthattan,92,0.0003516674041748047,15,5,SUCCESS,11
smart,GREEDY_LOCAL,Smarthattan,93,0.00043511390686035156,15,5,SUCCESS,11
smart,GREEDY_LOCAL,Smarthattan,94,0.00063323974609375,15,5,SUCCESS,11
smart,GREEDY_LOCAL,Smarthattan,95,0.0004017353057861328,15,5,SUCCESS,11
smart,GREEDY_LOCAL,Smarthattan,96,0.0004990100860595703,15,5,SUCCESS,11
smart,GREEDY_LOCAL,Smarthattan,97,0.0007827281951904297,15,5,SUCCESS,11
smart,GREEDY_LOCAL,Smarthattan,98,0.0007104873657226562,15,5,SUCCESS,11
smart,GREEDY_LOCAL,Smarthattan,99,0.0006818771362304688,15,5,SUCCESS,11
smart,GREEDY_LOCAL,Smarthattan,100,0.00040602684020996094,15,5,SUCCESS,11
